[
  {
    "id": "225695bd-9f59-4d7a-b908-ad17d582ae83",
    "data": [
      {
        "text": "add more items",
        "userDefined": false
      }
    ],
    "isTemplate": false,
    "count": 1,
    "lang": "en",
    "updated": 0
  },
  {
    "id": "03653225-5ca5-4224-9a0f-0249c5bdb048",
    "data": [
      {
        "text": "more items",
        "userDefined": false
      }
    ],
    "isTemplate": false,
    "count": 0,
    "lang": "en",
    "updated": 0
  },
  {
    "id": "cddad7ea-dc1f-4806-942a-c1705efdd9a3",
    "data": [
      {
        "text": "yes",
        "userDefined": false
      }
    ],
    "isTemplate": false,
    "count": 0,
    "lang": "en",
    "updated": 0
  }
]