[
  {
    "id": "0e484215-cb84-4a65-8622-21f16dfe5ca7",
    "data": [
      {
        "text": "buy ",
        "userDefined": false
      },
      {
        "text": "shorma",
        "meta": "@sys.number",
        "alias": "number",
        "userDefined": false
      }
    ],
    "isTemplate": false,
    "count": 0,
    "lang": "en",
    "updated": 0
  },
  {
    "id": "9eed2f22-be81-4c4b-98a3-5fd6a82975ce",
    "data": [
      {
        "text": "buy egg fried rice",
        "userDefined": false
      }
    ],
    "isTemplate": false,
    "count": 0,
    "lang": "en",
    "updated": 0
  },
  {
    "id": "c8a13035-8d47-49ac-bf65-bd07e2f6e252",
    "data": [
      {
        "text": "buy pizza",
        "userDefined": false
      }
    ],
    "isTemplate": false,
    "count": 0,
    "lang": "en",
    "updated": 0
  },
  {
    "id": "6a159bd3-cdd0-4c0c-8f77-c311153a1cff",
    "data": [
      {
        "text": "buy ",
        "userDefined": false
      },
      {
        "text": "burger",
        "meta": "@sys.ignore",
        "userDefined": false
      }
    ],
    "isTemplate": false,
    "count": 0,
    "lang": "en",
    "updated": 0
  },
  {
    "id": "054e0985-048d-4ced-8fdf-6ee2a057c1c9",
    "data": [
      {
        "text": "buy paneer tikka",
        "userDefined": false
      }
    ],
    "isTemplate": false,
    "count": 0,
    "lang": "en",
    "updated": 0
  },
  {
    "id": "1c2610ab-f1f6-404b-b417-8d01d3f7b3e8",
    "data": [
      {
        "text": "no",
        "meta": "@sys.given-name",
        "alias": "given-name",
        "userDefined": true
      }
    ],
    "isTemplate": false,
    "count": 0,
    "lang": "en",
    "updated": 0
  }
]