[
  {
    "id": "49646e66-1d96-4a54-98b0-8cda5fefd912",
    "data": [
      {
        "text": "drink/desert",
        "userDefined": false
      }
    ],
    "isTemplate": false,
    "count": 0,
    "lang": "en",
    "updated": 0
  },
  {
    "id": "af217b4a-12b6-4c06-9c9d-bb72a792c794",
    "data": [
      {
        "text": "drink",
        "userDefined": false
      }
    ],
    "isTemplate": false,
    "count": 0,
    "lang": "en",
    "updated": 0
  },
  {
    "id": "01b0222d-92fc-41ec-af06-45bc8e1ea515",
    "data": [
      {
        "text": "desert",
        "userDefined": false
      }
    ],
    "isTemplate": false,
    "count": 0,
    "lang": "en",
    "updated": 0
  }
]