[
  {
    "id": "91158f4d-bd2b-402f-a196-7a3165d265b3",
    "data": [
      {
        "text": "shorma",
        "meta": "@sys.any",
        "alias": "any",
        "userDefined": true
      }
    ],
    "isTemplate": false,
    "count": 0,
    "lang": "en",
    "updated": 0
  },
  {
    "id": "150321c1-3f50-4ced-86b3-67eda5dce22f",
    "data": [
      {
        "text": "fried rice",
        "meta": "@sys.any",
        "alias": "any",
        "userDefined": true
      }
    ],
    "isTemplate": false,
    "count": 0,
    "lang": "en",
    "updated": 0
  },
  {
    "id": "8bd18926-aaeb-4b3f-b0f0-4cf8926cb8d0",
    "data": [
      {
        "text": "pizza",
        "meta": "@sys.any",
        "alias": "any",
        "userDefined": true
      }
    ],
    "isTemplate": false,
    "count": 0,
    "lang": "en",
    "updated": 0
  },
  {
    "id": "aac6efc0-36c3-4a42-a1f6-9470d12d2f95",
    "data": [
      {
        "text": "burger",
        "meta": "@sys.any",
        "alias": "any",
        "userDefined": true
      }
    ],
    "isTemplate": false,
    "count": 0,
    "lang": "en",
    "updated": 0
  }
]